{"u": {"tck": [[-10.596110803412442, -10.596110803412442, -10.596110803412442, -10.596110803412442, -5.799590412892913, -4.7029508254219055, 7.062786252095202, 20.894677601349635, 27.917796193751588, 31.794859302388943, 34.786671349442294, 53.427700945765245, 80.99064922741145, 154.78647816456527, 154.78647816456527, 154.78647816456527, 154.78647816456527], [0.10562555852217148, 0.2938247309858759, 0.5975415697681001, 1.168359650717634, 0.7444420233364297, 0.2143788232176142, 0.12668058216059516, 0.08742635628424905, 0.05043960001806876, 0.04259150604012971, 0.016071770282057203, 0.00856670255722297, 0.006111389648109241, 0.0, 0.0, 0.0, 0.0], 3], "t0": -10.596110803412442, "t1": 154.78647816456527, "te": -12.390788001260084, "f0": 0.03279414620317849, "tau": 61.22709972676539, "f1": 0.07657154711564769}, "g": {"tck": [[-12.98715049884893, -12.98715049884893, -12.98715049884893, -12.98715049884893, -7.050616639688516, 6.719506359541329, 12.576478719530318, 19.515905436549744, 27.494412628511665, 31.412404908844916, 35.3832443204204, 53.05598158744353, 81.5597192148564, 166.2152147051654, 166.2152147051654, 166.2152147051654, 166.2152147051654], [0.15644746165571363, 0.348499184679815, 1.118561672212197, 0.9992645092379251, 0.570257651192257, 0.3567129333357356, 0.2558044955139435, 0.17028779275610706, 0.09853408443503744, 0.07393754293334895, 0.03046663353896677, 0.02208388321285561, 0.015331616790600808, 0.0, 0.0, 0.0, 0.0], 3], "t0": -12.98715049884893, "t1": 166.2152147051654, "te": -16.21112800752695, "f0": 0.015051663980028919, "tau": 64.07259108329829, "f1": 0.2052210072039541}, "r": {"tck": [[-14.343035648240495, -14.343035648240495, -14.343035648240495, -14.343035648240495, -9.515769090416414, -8.434349792456386, 4.349214558780814, 7.467836062521853, 10.268714311990284, 18.12887981159261, 26.110009152067292, 30.02798171730882, 34.00184744297443, 40.80586878789814, 50.615128368037965, 79.16903183198704, 90.00312751043555, 110.70269137596495, 164.83292077658626, 164.83292077658626, 164.83292077658626, 164.83292077658626], [0.15921833664876595, 0.30407649846061147, 0.49998359325897335, 0.9912222538061137, 1.1082692750367464, 0.797774113174511, 0.5537538787208636, 0.42013141556681394, 0.4807874031111372, 0.4028224513833283, 0.2841344150265154, 0.19855940518931514, 0.11894941765407638, 0.07438879325544985, 0.04231711219165446, 0.01585138107181875, 0.010377545904390266, 0.007335114323222154, 0.0, 0.0, 0.0, 0.0], 3], "t0": -14.343035648240495, "t1": 164.83292077658626, "te": -17.88023986825665, "f0": 0.012725440175299689, "tau": 43.501544779012406, "f1": 0.3243428008938165}, "i": {"tck": [[-9.336759719046913, -9.336759719046913, -9.336759719046913, -9.336759719046913, -5.441893603946378, -3.431119892903692, 7.3626775064238785, 13.158354686393308, 16.195038984998533, 21.136930882323856, 28.149551023817452, 33.05921809854796, 35.03123133195324, 37.8789336578098, 41.97731199640175, 52.753365535459395, 81.24010848710476, 112.74588059660482, 160.972707868651, 160.972707868651, 160.972707868651, 160.972707868651], [0.2017541854552388, 0.3692085901382087, 0.7096563126245503, 1.1380407197463194, 0.8857135256491125, 0.7300686466342629, 0.4448918118251413, 0.4091693590781012, 0.5079877225620062, 0.5935121992904946, 0.6143293916114688, 0.5407860359738124, 0.341205719302887, 0.17141002532918134, 0.07416302495705668, 0.023804452351630947, 0.016845171270386507, 0.012735429004197118, 0.0, 0.0, 0.0, 0.0], 3], "t0": -9.336759719046913, "t1": 160.972707868651, "te": -12.465195554051398, "f0": 0.020614274234697062, "tau": 49.815722012036424, "f1": 0.32238656427864937}, "B": {"tck": [[-12.116354478962505, -12.116354478962505, -12.116354478962505, -12.116354478962505, -4.210557684612414, 9.397613155855925, 23.32413842853916, 27.358914884656766, 31.248053675869443, 35.114854918830474, 52.85701996905155, 80.41384661900793, 158.1914668730998, 158.1914668730998, 158.1914668730998, 158.1914668730998], [0.14983400783515574, 0.46516057283198275, 1.2267453644877837, 0.6906183633923815, 0.26091237655750565, 0.16686495425322834, 0.12995463514643904, 0.0729035793533036, 0.06203722152821753, 0.026874452619051636, 0.018914968204629713, 0.013578220747237068, 0.0, 0.0, 0.0, 0.0], 3], "t0": -12.116354478962505, "t1": 158.1914668730998, "te": -14.620757533490478, "f0": 0.02388921872546006, "tau": 65.96288003984624, "f1": 0.1494043365816556}, "V": {"tck": [[-14.689234664982484, -14.689234664982484, -14.689234664982484, -14.689234664982484, -9.82687469396148, 1.0367546546004365, 13.80073175534256, 21.75514672742902, 28.688865836111344, 33.66577228443054, 37.55400416765275, 48.39187534515284, 76.92898128792399, 104.48218030408235, 155.63348167229844, 155.63348167229844, 155.63348167229844, 155.63348167229844], [0.156939668252648, 0.29926143047736453, 0.8365340168067721, 1.2022967497294788, 0.5191859631797453, 0.43340448317969504, 0.3337183355974533, 0.231158113156421, 0.15966982804717791, 0.10294114680888862, 0.05893403057372683, 0.02736835913801828, 0.0195961696125443, 0.015193359286562175, 0.0, 0.0, 0.0, 0.0], 3], "t0": -14.689234664982484, "t1": 155.63348167229844, "te": -18.263750835705142, "f0": 0.012282823126555032, "tau": 58.83818456258142, "f1": 0.21399842078088535}, "Y": {"tck": [[-6.265100489026212, -6.265100489026212, -6.265100489026212, -6.265100489026212, 8.543679104018, 16.236904449075126, 27.025792713444947, 42.75661230624161, 45.73112408878585, 56.53910671901302, 79.23764462842527, 105.83643095744179, 142.26531604492683, 142.26531604492683, 142.26531604492683, 142.26531604492683], [0.49449895237854996, 1.3899500838940129, 0.6074975625883652, 0.3197195463751284, 0.4858792203257869, 1.4907950876167617, 0.8239007945928059, 0.399372441575456, 0.12302683286848466, 0.03867545959680758, 0.028683543469850973, 0.022578564591593794, 0.0, 0.0, 0.0, 0.0], 3], "t0": -6.265100489026212, "t1": 142.26531604492683, "te": -11.717045873152967, "f0": 0.016636516027354848, "tau": 44.909351932234465, "f1": 0.5363751063218484}, "J": {"tck": [[-7.42233442161968, -7.42233442161968, -7.42233442161968, -7.42233442161968, -3.476572999195096, 7.387568949555302, 12.308454087288533, 15.093007984665977, 19.946427021812898, 25.87515358254635, 41.59348346849688, 44.588518983311836, 55.402347229813365, 57.46515974094356, 58.315396251074645, 64.24466498532271, 104.70890813354151, 141.1377636477004, 141.1377636477004, 141.1377636477004, 141.1377636477004], [0.437824545023309, 0.668182852571866, 1.2012068929611017, 0.8644825211622962, 0.5253986388379747, 0.2484826582569385, 0.1517019058143523, 0.2164745468775569, 0.43018168617207503, 0.18377918587186542, 0.13116110562664252, 0.10363400210975374, 0.08374994219331244, 0.021616519867112396, 0.00794608682154561, 0.005335863571085109, 0.003774198110062302, 0.0, 0.0, 0.0, 0.0], 3], "t0": -7.42233442161968, "t1": 141.1377636477004, "te": -12.421940522011548, "f0": 0.017515741469705255, "tau": 29.34681404027528, "f1": 0.46289136737594794}, "H": {"tck": [[-8.160038582953925, -8.160038582953925, -8.160038582953925, -8.160038582953925, -4.21207889360374, 6.651767324180411, 14.355609412073358, 25.127286131912484, 40.86423721417437, 43.85079510642683, 54.65450935250564, 63.51198825133273, 140.39141428299928, 140.39141428299928, 140.39141428299928, 140.39141428299928], [0.5076515598450888, 0.69429473448855, 1.1496787555113501, 0.8590399779033978, 0.613758017347389, 0.8959567073123967, 0.8405759101435346, 0.5503022005699533, 0.39103849225611076, 0.01775638703029921, 0.04653577552169818, 0.025396520308786526, 0.0, 0.0, 0.0, 0.0], 3], "t0": -8.160038582953925, "t1": 140.39141428299928, "te": -15.318753417049141, "f0": 0.009905937864022905, "tau": 30.787428173731204, "f1": 2.427546276742063}}